#,ip_address,ip_address_v6,user_id,login_date,login_status
1,5.8.168.2,e27:df5d:ee1a:1978:cfd1:6a0b:ce06:5eac,88,2022-09-18 06:37:38,SUCCESS
2,157.218.233.174,cdde:587a:c548:6cf8:a216:e13:8206:6884,1,2012-07-31 03:06:34,SUCCESS
3,42.184.178.57,a976:c3a3:cf65:f23d:922f:e4b5:43a8:7f08,64,2012-12-23 13:11:28,FAILED
4,16.118.222.226,db23:4006:456a:4e00:8bc2:b69e:e375:2e70,4,2020-01-07 00:23:13,SUCCESS
5,193.50.5.9,1cb3:2c5:dd84:155d:7ea8:cda6:fd23:9e1b,56,2016-01-06 00:21:04,SUCCESS
6,55.154.215.213,f775:e78c:4e52:e06a:f83e:106b:5d0:68bb,82,2013-11-20 06:50:37,SUCCESS
7,229.7.204.8,fd0a:948d:f1c4:fae1:ecfc:3cce:e25a:b8ee,7,2018-10-25 06:06:21,SUCCESS
8,62.56.155.212,55ef:623e:7877:dc14:f4fc:3fed:5eba:8a5,89,2023-02-04 07:01:20,SUCCESS
9,207.65.10.157,ccd6:345b:b22f:f9ef:a777:c876:33ba:c917,55,2016-11-20 12:26:03,SUCCESS
10,3.25.229.108,8b40:1690:4a1f:5198:a458:d46d:12b9:15d7,22,2019-01-29 11:23:24,FAILED
11,6.64.77.31,28d2:baa4:5926:6974:c1e1:bd24:217:35e,75,2020-05-24 13:58:44,SUCCESS
12,180.69.190.100,dfbf:e14:bd28:5d90:e6fb:c349:ee99:1767,38,2022-07-08 02:30:50,SUCCESS
13,7.28.56.134,6d31:3f52:3309:b763:b8c1:147d:15ff:f671,71,2010-02-16 08:22:27,FAILED
14,246.118.111.179,c911:7370:3909:a7e2:8316:ffdc:c773:4df7,36,2023-09-07 21:35:52,SUCCESS
15,138.162.139.75,509:bbd1:b12b:544e:d499:529e:1dbf:3308,81,2016-01-21 23:58:49,SUCCESS
16,207.89.66.54,fd73:c2df:5516:f8cd:785a:49f7:53d:87fd,56,2019-03-19 16:07:00,SUCCESS
17,9.191.33.96,6520:50a4:ecaf:a05a:c7f8:4e38:8133:3164,59,2012-11-30 16:44:05,SUCCESS
18,83.141.191.213,6df6:54d3:2e83:4d71:9057:8d54:3f2e:7029,68,2022-02-06 07:46:21,SUCCESS
19,17.46.213.102,d9ad:eb2f:1b2:15b1:91e5:a95b:1507:b9b1,54,2011-02-06 01:54:00,SUCCESS
20,141.208.191.162,c7a3:78db:b09c:b4aa:d02f:ba73:b157:e577,47,2019-07-27 17:37:44,SUCCESS
21,2.103.119.172,1518:7e97:8960:688:57b4:2da7:ab02:d908,92,2019-11-16 10:16:31,SUCCESS
22,206.131.239.175,578b:ee71:2494:f255:763e:7875:3405:3c85,55,2021-04-25 10:27:54,SUCCESS
23,231.122.129.92,5e45:4864:2c7:af69:1234:a181:7114:a152,13,2018-06-08 23:28:27,SUCCESS
24,208.164.7.238,7401:8d3:83cb:6efc:8549:5565:28d8:41b3,15,2011-03-19 02:27:15,FAILED
25,66.76.199.39,37cd:add4:edd0:2d:99c1:5bb2:b50f:1c4b,49,2014-06-15 00:15:37,SUCCESS
26,47.97.81.162,89b8:1c4e:da9d:3ebb:3557:e9b1:df73:5038,41,2010-11-28 00:50:06,SUCCESS
27,118.66.96.4,ea0f:c650:af95:133e:d005:e9b1:197a:1b92,66,2011-06-05 14:04:52,SUCCESS
28,23.71.16.191,5d2d:3074:7886:5985:14d0:8efb:2fda:c69d,87,2015-07-04 05:57:13,SUCCESS
29,13.235.186.128,c6ad:6643:7b00:444b:ef3f:4132:e8d7:a4e6,9,2020-12-21 10:04:28,SUCCESS
30,243.211.143.82,297d:2b91:ce85:fba2:584:e3db:dc4e:cce1,47,2020-09-08 01:57:04,SUCCESS
31,26.55.101.161,5b49:b2ec:8e7a:aeac:2834:b4a6:26d3:4e4c,19,2012-07-04 20:07:41,SUCCESS
32,143.46.133.163,9263:7e68:4a71:6183:9a6a:28df:7796:b9fc,89,2023-03-02 19:19:32,SUCCESS
33,140.240.242.45,2df2:828e:4eeb:f662:8366:9205:73c6:f93d,29,2020-08-22 15:42:30,SUCCESS
34,128.250.233.240,2896:420:1aa3:e498:2af5:f675:cbf6:a77f,51,2016-07-29 15:38:16,SUCCESS
35,130.192.224.129,4d13:28ee:1bdb:b2f4:e5c0:4953:5f55:a83f,42,2014-06-01 19:35:28,SUCCESS
36,253.49.32.9,d0fe:8aaf:4640:e872:ae8b:b02f:502a:65ec,12,2012-06-23 07:20:02,SUCCESS
37,50.147.209.240,d87d:2b5b:d41d:51b7:cf0d:2469:a385:9004,27,2019-09-23 14:11:28,SUCCESS
38,244.232.188.45,81e7:c904:ab9:45b0:849e:fc39:ab40:64c1,46,2023-12-04 18:46:27,SUCCESS
39,251.149.28.17,c71c:18aa:d015:fde3:a2f2:e8ad:b9c7:fecb,33,2017-01-14 13:48:21,FAILED
40,130.95.176.251,735d:4907:b8d7:155e:63b6:ac8b:5b44:6010,21,2010-04-04 00:34:50,SUCCESS
41,131.157.84.32,7db3:bfa0:90c0:7ab8:c631:9dfc:69f1:1cbd,32,2015-02-18 08:44:55,SUCCESS
42,186.25.112.132,27bd:8f86:914:66f3:c63f:56b1:8415:f4ed,79,2019-01-05 08:39:17,SUCCESS
43,75.172.16.187,9fa3:7f9:a2b5:ade:2a92:2fc6:8fea:7907,41,2021-01-29 18:13:55,SUCCESS
44,7.242.157.78,1f4c:4746:754a:1505:a12d:8e55:f3a7:ac,34,2023-12-27 06:27:19,SUCCESS
45,249.50.206.140,70c3:e6f6:88b8:53cb:d3b2:cba1:ae99:5696,73,2011-05-16 01:36:53,SUCCESS
46,107.132.4.213,ef5c:4444:5e32:6d91:fe55:631e:15fb:8df6,77,2019-12-19 11:18:09,SUCCESS
47,156.116.57.235,697d:d184:c9d8:af8e:c0de:1f97:b526:155e,17,2011-05-06 02:57:19,FAILED
48,41.240.111.241,6364:54b9:a2c7:395b:c232:8903:36f1:ef53,49,2015-04-18 15:28:28,SUCCESS
49,4.104.226.74,cd47:a73b:b92e:7b6:c191:e0dd:70ad:e42b,90,2013-12-15 07:52:57,SUCCESS
50,159.30.162.57,a25d:313e:508d:cacf:f33c:ede1:87b0:657b,1,2016-10-05 21:29:09,SUCCESS
51,83.56.26.78,938:b36:e001:6a84:d199:50f9:a973:3a21,52,2015-11-15 19:52:10,SUCCESS
52,122.144.147.25,a4b5:aae1:d352:dcc8:362b:954b:4b3f:d749,52,2022-10-11 21:38:15,SUCCESS
53,92.69.130.33,2bb7:925:525c:deee:fe5a:b4a6:b31c:d2c6,65,2012-08-05 18:27:19,FAILED
54,37.64.96.190,2eec:6e3c:5bf8:e641:2ca6:833f:49d3:94f1,48,2013-05-09 02:50:27,SUCCESS
55,190.224.155.13,8a93:a48c:f61a:37c4:ee05:5fd1:5aa8:22e6,2,2016-08-24 03:24:13,FAILED
56,220.129.144.9,d888:3693:5f4:9247:7167:e34f:8d58:df89,58,2012-08-17 17:39:28,FAILED
57,107.175.39.21,38eb:7b68:2b6a:67a3:6932:ae99:615e:ffbc,96,2017-08-05 18:44:26,SUCCESS
58,65.131.98.104,2c67:a5aa:7fb4:aa30:67db:2f96:8dc0:dcb6,28,2017-05-11 08:58:33,SUCCESS
59,51.136.162.35,e8e:8044:6bdf:2194:e23:78f9:a844:3c55,73,2011-03-29 21:37:37,SUCCESS
60,202.168.8.177,d74e:f598:d15c:37c7:19fb:45be:4446:bc82,16,2011-04-15 20:00:05,SUCCESS
61,154.190.172.162,8b44:60c1:7466:290d:a510:bd7a:dbb6:b5af,17,2015-07-14 05:06:04,SUCCESS
62,186.67.54.84,3ccf:d0f9:49e7:eb2:c4ee:c964:dce9:e7f2,67,2015-05-28 20:41:09,SUCCESS
63,70.131.233.82,bffc:1513:8f0f:3d1c:1193:928d:a92:e2c5,10,2019-08-30 09:52:57,SUCCESS
64,189.147.240.230,4608:cdcb:4ee6:8b4d:6daf:ec46:5c4c:e5d7,93,2017-11-22 13:22:47,SUCCESS
65,10.171.166.185,ce5a:9499:4e5a:e006:c70:b191:b98:41f2,47,2019-04-17 03:20:46,SUCCESS
66,108.18.50.54,d006:f44e:f75b:4d16:33e1:d13d:a601:5175,63,2022-05-02 07:43:36,SUCCESS
67,76.172.136.49,b165:fc74:120b:c80:7091:212c:e3b1:7268,88,2024-01-01 16:14:52,SUCCESS
68,193.226.224.70,d24b:3dd4:321d:1739:fbf6:337c:71f4:df69,12,2018-06-16 02:22:23,SUCCESS
69,203.213.77.72,c660:10ec:b10:6794:6337:dd9b:7a4e:374e,55,2010-04-03 19:55:15,FAILED
70,56.27.103.252,9ac6:5f23:449b:720f:7cdd:a757:a761:b57d,75,2013-08-16 10:00:31,SUCCESS
71,145.252.104.5,7c7d:96b9:15e:ee50:f5a1:5821:9419:b139,91,2018-11-30 17:18:41,SUCCESS
72,74.186.236.247,4741:d8e1:648b:dd2c:161c:bc61:c4d:4d05,89,2022-08-16 12:26:46,SUCCESS
73,177.212.107.65,d2c7:dd38:9d45:360e:4d1e:444f:a741:9a47,22,2019-02-26 05:30:22,SUCCESS
74,149.129.99.167,2a74:907e:f2cc:20d5:ce57:86c:ff2c:2a87,12,2015-11-05 16:09:52,FAILED
75,169.64.8.237,30ae:333:b4c2:44e7:bff4:aca0:cc35:ea62,100,2015-01-06 10:42:55,SUCCESS
76,113.5.1.159,72dd:ee0c:33bf:a37f:a162:1f48:24d2:fff8,64,2021-12-31 09:06:34,SUCCESS
77,88.39.1.248,b1ec:7ccc:2fe2:b44d:5dda:213a:1d6c:a2bd,91,2020-06-18 09:52:18,FAILED
78,142.83.160.104,8954:8e51:518c:928a:968a:188a:89f0:7faa,85,2015-01-27 21:36:31,SUCCESS
79,117.30.106.146,68b6:8f40:e594:940d:e8eb:3b6c:85e5:f0df,96,2013-01-19 14:56:25,FAILED
80,249.109.218.241,1d9a:f932:5ce9:6f64:de2e:28bf:de29:ea97,37,2023-03-20 03:06:40,SUCCESS
81,220.120.54.48,e675:8242:772c:caec:ba1c:f9d2:9447:8a40,52,2015-01-15 19:26:16,SUCCESS
82,180.129.16.30,5aa8:d6da:d1dd:123f:e508:4c97:1801:9b77,98,2013-02-21 16:08:14,FAILED
83,166.113.136.104,378:3ca2:4599:646f:daf9:26ae:3159:caca,76,2015-08-20 12:03:01,SUCCESS
84,31.36.248.132,5978:ecea:47fb:7685:20ae:69f:54f5:12cb,35,2017-03-27 20:24:43,SUCCESS
85,171.49.89.141,cfad:93a:7211:e9f8:92c8:6fda:5dd4:c8d0,1,2013-07-22 14:15:33,SUCCESS
86,22.12.152.152,79e:f799:4e2a:2daa:22eb:3cfc:439c:e459,32,2014-05-19 04:21:27,SUCCESS
87,175.52.54.124,603b:9ebb:d437:68f8:c3b2:35e0:c053:3e6d,49,2015-01-21 04:48:54,SUCCESS
88,219.84.94.251,38d5:74bb:a77e:a36b:9a5d:36df:1e58:de71,2,2010-08-09 06:44:28,SUCCESS
89,2.139.66.77,39e1:10d5:8cb9:a02:c586:47ec:f80:743b,62,2010-04-09 12:19:04,SUCCESS
90,43.15.249.35,7c72:1c17:9f26:a5d7:fdbc:4f86:58f9:da8,22,2015-12-19 07:54:06,SUCCESS
91,33.66.104.210,47d9:e638:a4bd:b7cc:3cf7:16db:f8de:8d7f,84,2013-07-09 01:07:38,SUCCESS
92,6.131.51.82,bf38:2551:c2f6:254b:61e:84da:c981:eb1c,28,2023-05-20 20:14:46,SUCCESS
93,157.56.219.58,6726:a756:e02d:ce1f:19b8:795c:6890:f25,87,2012-04-02 01:54:33,SUCCESS
94,50.19.71.127,e441:71f6:2c45:1b70:3152:1011:9b08:b20,76,2011-12-15 12:00:13,SUCCESS
95,55.242.255.64,8fcf:eb88:14af:3af0:5ef0:6426:8147:f7b6,2,2013-03-14 19:13:53,SUCCESS
96,92.182.187.188,f53c:b214:2df5:90f5:d211:85ab:78b2:a326,28,2022-06-07 15:24:15,SUCCESS
97,230.222.143.204,81b7:a286:20df:87dc:f6a0:c3cf:f396:7338,29,2013-05-30 06:56:45,SUCCESS
98,64.22.172.192,4fc2:9402:4073:f626:fe19:4eeb:4847:c56e,59,2021-03-01 15:32:05,SUCCESS
99,13.74.242.67,a114:246c:fc9:92ea:c539:140f:ccc0:4e73,91,2018-01-03 02:16:23,SUCCESS
100,26.149.73.9,bd32:e856:dc42:43d1:2a5:b427:6c6a:ec62,96,2023-06-20 02:15:48,SUCCESS
