#,ip_address,ip_address_v6,user_id,login_date,login_status
1,151.239.59.203,aba7:d05:7269:46e1:7101:d911:d6c9:e7ce,3,2022-01-24 16:40:06,SUCCESS
2,193.98.160.147,a113:b634:3612:2bf2:cb30:6346:406:36d9,5,2018-06-01 21:42:35,SUCCESS
3,213.22.24.209,8162:7323:9ba0:8d29:5851:22f:32e0:4d81,5,2014-08-02 05:36:41,SUCCESS
4,132.99.135.191,c795:22a7:c63c:e753:4917:4a46:ab8d:c3b1,10,2016-09-28 19:11:58,SUCCESS
5,221.66.26.236,94c3:6379:c274:3fd6:bb96:4cc:585:56b1,4,2018-08-10 04:51:55,SUCCESS
6,71.102.117.203,b153:bb6:f488:b9a3:61d8:2919:522:c513,8,2018-08-23 15:52:55,SUCCESS
7,204.242.120.185,47f0:4d7c:5282:fa52:315a:bc05:639b:bc63,10,2019-02-24 17:25:00,SUCCESS
8,34.17.45.86,2c66:8b07:823:8239:a319:4a4f:f3c6:c043,7,2018-06-10 18:35:21,SUCCESS
9,152.113.15.91,8bf0:2b8b:6979:a8bc:a6e7:33f9:c1c4:5a92,1,2011-06-14 16:43:34,SUCCESS
10,179.220.56.89,cc3e:8ada:6c77:127b:bd3f:bc9e:d10b:a403,8,2021-07-29 21:34:09,SUCCESS
11,10.172.20.22,2304:43db:69bf:661d:c94:c4fa:d359:1ffb,3,2017-07-14 03:04:46,SUCCESS
12,101.23.203.55,99f2:d138:1e14:3de0:a577:33e0:99cd:3868,10,2024-01-17 18:18:36,SUCCESS
13,181.41.164.43,d826:ef:ea4c:6368:20a4:7dad:9005:fc2d,9,2020-03-14 04:07:16,SUCCESS
14,16.203.166.186,c2af:d573:bd58:f67f:a1b1:5507:d335:8b89,7,2022-12-03 10:10:15,SUCCESS
15,227.125.15.193,ee15:93b2:2f46:72c2:d258:4d2c:b7f:919a,9,2013-09-30 22:46:22,SUCCESS
16,214.175.161.225,e276:6848:dfad:51cd:2ab7:758d:a441:d786,9,2011-03-27 21:53:39,SUCCESS
17,229.153.40.112,d818:bf7d:9741:867e:5c23:9fc3:96a4:51f7,10,2022-06-13 07:39:51,SUCCESS
18,29.133.211.112,e15e:194d:7fa4:a93d:c0f4:1c42:f484:67f,2,2017-02-22 21:56:28,SUCCESS
19,92.229.98.131,56ea:e069:8978:d92f:26c0:c29a:a74c:7ec0,6,2017-03-17 19:13:27,SUCCESS
20,19.160.84.72,1944:f6c5:e669:fac0:51c6:d96f:a34:6a44,9,2017-05-02 17:32:15,SUCCESS
21,93.239.125.94,ff02:eec2:7c68:2d14:9972:49ef:e8ea:7bbb,1,2011-09-24 03:11:16,SUCCESS
22,18.88.227.5,c662:2828:2885:a1dc:21:a2c4:818b:109,4,2013-12-02 18:29:34,SUCCESS
23,2.198.125.13,e6b1:88b8:79ec:fd3d:511c:9988:595c:1ba,3,2022-04-27 06:21:25,SUCCESS
24,155.97.105.127,4a4:cf7b:4707:19bd:11b0:bae4:3bdc:2863,10,2017-02-21 02:38:50,SUCCESS
25,214.116.76.88,a218:fd11:3d1:f030:51fa:5915:a417:d773,3,2017-06-30 11:56:55,SUCCESS
26,241.19.144.248,c9c0:be6f:cf75:5d8c:e177:fcf8:f0c4:706b,10,2022-12-28 21:23:38,SUCCESS
27,88.62.94.173,4116:f99d:740b:4e31:a09a:83f3:c281:f3b7,9,2018-11-08 08:06:35,SUCCESS
28,238.128.154.168,f0d:a9ab:a133:7068:92:4950:6db5:177a,10,2019-06-11 19:15:46,FAILED
29,250.38.111.32,6880:62e0:45ec:b431:6a7c:fac5:ce99:d91a,6,2015-05-18 19:36:25,SUCCESS
30,139.173.121.230,c5a2:31ee:7c4d:2113:4a29:631:3c29:b1e2,7,2023-07-04 20:08:03,SUCCESS
31,168.89.167.10,bab3:b576:2dc6:1c26:a3c6:e29c:1a73:ca1e,1,2017-04-01 15:58:45,SUCCESS
32,24.178.248.167,e99:ecc3:918a:10f9:6192:2273:fbbe:7b8f,3,2012-12-02 05:41:32,FAILED
33,68.225.26.250,6bc8:5dc6:d633:e7fa:7c8f:2748:3c34:eb00,3,2010-09-21 18:23:30,SUCCESS
34,163.15.43.176,281a:2cf8:2f24:350f:ed0a:728f:f162:f584,8,2010-10-09 23:08:57,SUCCESS
35,95.58.108.53,bd65:e417:33fc:542c:500a:515c:c733:2d2b,4,2023-07-02 09:55:31,SUCCESS
36,15.172.30.236,4710:4a52:eb2:7ce3:c02c:e687:c128:7347,3,2011-12-19 17:21:27,SUCCESS
37,51.143.112.181,9187:e5d7:4c96:806a:4be4:3853:f3cf:c469,7,2019-04-27 16:50:14,SUCCESS
38,48.249.245.174,6952:c6c1:24c7:dca8:f9b7:87bf:c77:d7fa,3,2019-07-12 20:18:10,SUCCESS
39,164.44.236.132,6d23:2b63:faa1:95bf:d7e5:cea5:8f8d:1467,7,2012-10-27 17:45:34,SUCCESS
40,193.170.167.16,69ae:770:d8d:bf74:ab59:c326:d34a:8f96,2,2023-09-19 17:49:59,SUCCESS
41,193.158.238.220,2067:6145:62c3:f6e8:6d94:e4fa:3c2a:1416,10,2017-08-26 15:02:42,SUCCESS
42,219.26.60.254,c831:7738:42c8:2d49:1787:c815:f559:d2a3,2,2010-03-23 12:59:37,FAILED
43,176.40.184.247,6d9e:4cd9:90c0:d4cc:6ce9:c89e:77ca:5147,1,2011-04-28 19:50:44,FAILED
44,13.253.193.117,2665:e77c:9fc4:c474:9f54:c7a2:cfa8:21f0,6,2023-10-16 06:06:15,SUCCESS
45,169.120.39.139,e2a8:d5e:4b2f:3d4b:41b8:797f:52c2:b06b,8,2020-05-26 15:32:10,FAILED
46,178.140.133.24,a614:37ba:e31b:8618:f13e:c148:888:ed8,9,2013-09-10 22:12:23,SUCCESS
47,133.21.59.238,950e:f6d1:c64e:609a:8faf:5d3e:7b68:d557,7,2010-09-09 09:20:23,FAILED
48,185.47.19.169,df37:89bf:49d0:d6c5:b9e7:220e:a137:21f5,1,2019-09-23 05:43:30,FAILED
49,226.146.35.252,87f5:6819:6bce:30e:a0da:3215:30e7:772,1,2020-05-13 17:47:48,FAILED
50,140.219.110.56,c7d2:a3cf:454e:8708:e2a6:fc55:6913:65fe,3,2018-12-08 14:35:34,SUCCESS
51,100.163.180.55,28a3:9384:922d:16bc:95a8:905d:b57d:3973,4,2021-03-12 06:19:35,SUCCESS
52,207.251.97.130,d758:94db:bc9d:7db9:32ce:b2d1:97a1:fb26,5,2017-04-23 04:31:32,SUCCESS
53,133.253.70.59,7438:d293:ee12:4da8:3dad:ae71:6cb0:d92a,10,2015-01-31 14:17:50,SUCCESS
54,228.30.80.220,9e37:4fa3:1afd:6f58:cd05:5f04:8ec0:3e9f,1,2010-07-12 23:10:36,SUCCESS
55,42.251.229.125,c769:d01:3ae1:ba62:2933:f6a9:af4f:c52c,4,2021-06-04 03:24:37,SUCCESS
56,32.134.17.8,325b:cbf7:4053:1bf3:7789:4c2a:a427:caa9,4,2013-06-28 08:06:09,FAILED
57,74.182.60.109,50fb:9319:e7df:8626:1337:1bd6:7752:a952,7,2021-12-26 23:56:01,SUCCESS
58,35.92.29.189,a50f:bc67:67c:1fdd:43e0:7aba:4276:4fb5,5,2022-04-13 00:08:40,SUCCESS
59,95.190.180.96,ad9d:b222:c02:3b77:e69f:9eb4:f0e1:bb6e,9,2013-06-10 14:59:20,SUCCESS
60,82.85.66.101,18d0:77af:9ef7:289a:2e4:1239:b90c:1389,6,2017-04-24 16:45:55,SUCCESS
61,148.47.141.35,6fa:3e91:66ed:6394:8efc:2261:be87:d3e3,7,2013-01-03 14:48:21,SUCCESS
62,228.200.179.130,be5a:218e:2cc7:f786:ada:c436:639:16bb,3,2017-05-30 09:26:45,SUCCESS
63,184.217.130.64,4a02:f585:51da:1521:d46b:994d:550b:9540,1,2011-06-25 13:27:14,SUCCESS
64,180.158.149.176,e11d:869f:5bb9:f0d:efc1:3d71:4efe:2250,2,2012-10-12 09:00:47,SUCCESS
65,79.116.61.34,b662:4544:788d:d728:dc0b:e563:3660:b212,3,2016-12-20 22:09:38,SUCCESS
66,109.24.42.215,681d:e4d5:5de1:7e06:4b76:2cc1:862:aaf6,6,2021-12-14 03:50:20,SUCCESS
67,222.11.250.147,56ab:725b:83f6:4c5b:2b27:d06f:21b9:6923,2,2017-08-20 07:44:52,SUCCESS
68,98.166.4.18,bc1d:88e9:c1eb:24ca:2dc4:83ed:1115:2203,1,2011-06-24 23:23:41,SUCCESS
69,129.90.222.109,de9f:b8f6:c0d9:941:e0df:d6c6:90f:fae7,2,2013-03-07 18:15:01,FAILED
70,254.53.27.229,7796:37:3f7e:f044:369:6065:fead:2878,2,2022-06-02 18:29:59,SUCCESS
71,115.130.123.238,e915:f535:9278:c5c4:4641:ef93:f602:c3bd,7,2022-03-06 03:03:48,SUCCESS
72,102.90.213.146,761a:9343:90a0:90f3:dfc5:cd6:c26d:fe60,8,2022-08-29 23:37:12,SUCCESS
73,43.113.198.217,9995:87b5:e51e:d428:7a74:1111:6b30:dd63,4,2013-09-18 13:41:46,SUCCESS
74,129.33.198.91,4dce:b899:5913:5493:126:c15:9f5b:308b,1,2010-07-03 08:20:33,SUCCESS
75,76.146.26.32,cbd4:a87c:f1e9:2fc7:2322:f4e4:297d:276f,8,2013-06-19 04:46:03,SUCCESS
76,173.206.189.105,5c83:f35c:7851:24d1:678:de22:b974:632f,10,2013-11-24 02:58:17,SUCCESS
77,99.105.147.27,4c0c:1c67:acd9:2f49:44b4:36e6:9e23:2b3,1,2014-05-17 19:38:50,SUCCESS
78,25.90.157.239,5e2f:151b:c85f:f4e1:1fc6:84d2:8e05:3625,9,2016-05-08 08:59:15,SUCCESS
79,172.99.23.75,cec2:d00b:403d:2068:a699:f383:6b30:9b06,9,2013-04-08 13:46:04,SUCCESS
80,19.28.202.185,b456:52c:2586:d5e1:6b82:466a:a6a:27bd,3,2014-09-28 22:22:09,SUCCESS
81,6.72.32.124,a9b6:a202:606b:c854:f3c5:51e:81e8:b8fc,10,2017-12-28 07:26:22,SUCCESS
82,147.75.185.178,7d97:1fa3:34f9:bea4:afbb:1c04:c04e:4950,3,2011-06-25 00:37:11,SUCCESS
83,14.254.156.33,94dc:ef9b:2d5f:90f7:78f:e323:bb2c:2bc2,6,2012-02-26 07:42:33,SUCCESS
84,210.202.220.176,afda:628f:d453:9f6f:ae94:543:2b56:78a0,2,2019-11-23 08:09:50,SUCCESS
85,160.132.237.137,6e85:d65:6ea0:4ef5:d537:6bd1:ef15:8d13,5,2012-02-13 17:28:52,SUCCESS
86,166.20.171.31,7b83:4351:6ec:71ae:79ee:d4c2:b74f:e59,8,2020-01-26 23:38:22,FAILED
87,201.94.83.158,4aa0:22f0:a0e9:78c0:516b:3686:d82d:8687,5,2015-11-06 05:19:54,SUCCESS
88,66.110.67.181,665b:47bd:ccd0:105f:52e9:87dc:f4af:8c16,7,2017-01-02 21:57:08,SUCCESS
89,227.94.154.139,d0d4:f84d:21da:cde7:b856:ed32:ac8b:4ece,2,2017-11-19 05:27:08,SUCCESS
90,122.14.254.56,8c10:9605:b6d2:fc98:3176:aafe:b757:9bc4,7,2020-09-10 14:51:19,SUCCESS
91,122.233.237.222,41ec:3d5d:75cd:9cf9:4e97:a189:e09e:efa7,1,2023-11-14 15:57:21,SUCCESS
92,79.154.132.199,fbfe:5198:8261:d01a:dab7:8a39:1de9:44f7,5,2016-10-24 13:19:12,SUCCESS
93,160.17.25.94,ae5e:f50a:c47b:1d2f:7f38:1cf4:eeea:196f,5,2013-01-28 17:42:33,SUCCESS
94,248.228.124.143,987:d152:386d:1698:dbeb:c470:ecb8:4255,4,2015-03-13 12:55:42,SUCCESS
95,175.14.116.199,9741:aad3:3f3d:d1ce:ea70:4642:81d2:4613,7,2022-09-14 15:04:12,SUCCESS
96,173.104.131.129,333e:10f4:b487:d3b7:f673:f659:12da:14a6,4,2018-01-18 18:56:56,SUCCESS
97,99.206.167.177,12b1:bedc:b7c7:9172:ed16:c5c4:6626:af90,8,2016-01-29 00:59:45,FAILED
98,172.169.48.45,55bc:f1fb:4421:c2a:cea:a744:c4a2:7eef,2,2012-11-21 21:17:21,SUCCESS
99,83.24.89.165,4171:91e9:9a9:6761:238c:f948:b6b:ac47,4,2017-03-01 07:19:23,SUCCESS
100,113.31.81.128,fa79:67df:49e3:5a9e:2fa2:894f:1ebc:c8c7,9,2023-09-18 13:07:55,SUCCESS
